Name,Description,Prep Time,Cook Time,Total Time
Perfect Chocolate Cake,"Perfectly moist and delicious, every time!
",25,40,65
Easy Tres Leches Cake,My Easy Tres Leches Cake recipe is engineered to be light-as-air and the best it possibly can,25,35,60
Microwave Mug Sponge Cake,"Enjoy a delicious, light mug cake recipe in minutes with my single-serving Microwave Mug Sponge Cake recipe!
",10,2,12
Red Velvet Mug Cake,"Enjoy a rich, chocolatey Red Velvet Cake in minutes with my Red Velvet Microwave Mug Cake.",5,1,6
Carrot Bundt Cake,The cheesecake layer swirled throughout the Carrot Cake Bundt Cake is really complimented by my Cream Cheese Glaze,10,35,45
3 Layer Microwave Cake,"You won't believe my 3 Layer Cake Made in the Microwave, which will give you an amazing cake recipe in minutes with an incredible taste you'll love!

",15,10,25
S'more Cake Recipe,"Learn how to make my S'more Cake recipe for an impressive dessert packed with graham-flavored cake, Chocolate Fudge Frosting and Meringue on the outside!",20,30,50
Lemon Meringue Cake,I adore lemon meringue pie and I love cake! So I’m going to show you how to get a really bold combination with my Lemon Meringue Cake.,30,30,60